step	loss
999	3.3313605785369873
1999	1.2119412422180176
2999	0.40802380442619324
3999	0.2041129618883133
4999	0.13484030961990356
5999	0.10247153043746948
6999	0.08588678389787674
7999	0.07641834020614624
8999	0.07092424482107162
9999	0.06627378612756729
10999	0.06445077061653137
11999	0.06153543293476105
12999	0.06007292494177818
13999	0.058892179280519485
14999	0.05793280526995659
15999	0.057377904653549194
16999	0.05661400780081749
17999	0.05616431310772896
18999	0.055809829384088516
19999	0.05523866042494774
20999	0.055001150816679
21999	0.05432194843888283
22999	0.05413661524653435
23999	0.05393064767122269
24999	0.05375705286860466
25999	0.05341755226254463
26999	0.053232159465551376
27999	0.0531611442565918
28999	0.0526808500289917
29999	0.05255370959639549
30999	0.05222465097904205
31999	0.05236201360821724
32999	0.05188905820250511
33999	0.051872991025447845
34999	0.05167081579566002
35999	0.051583755761384964
36999	0.05150100216269493
37999	0.05125709995627403
38999	0.05108807608485222
39999	0.05115058645606041
40999	0.05084723234176636
41999	0.05087297782301903
42999	0.05079521983861923
43999	0.05082232877612114
44999	0.05039602145552635
45999	0.050392989069223404
46999	0.05019387975335121
47999	0.050109341740608215
48999	0.050098735839128494
49999	0.04999934136867523
50999	0.04995173588395119
51999	0.04999440163373947
52999	0.04972881078720093
53999	0.04980787634849548
54999	0.04972595348954201
55999	0.04956961050629616
56999	0.04942474886775017
57999	0.04934679716825485
58999	0.04938512295484543
59999	0.04928238317370415
60999	0.049081187695264816
61999	0.0492020882666111
62999	0.04926878958940506
63999	0.048941727727651596
64999	0.04907229542732239
65999	0.048870429396629333
66999	0.048924773931503296
67999	0.04870449751615524
68999	0.04880126193165779
69999	0.048704396933317184
70999	0.048628367483615875
71999	0.04852263256907463
72999	0.04857293516397476
73999	0.048445120453834534
74999	0.04854347184300423
75999	0.04835062101483345
76999	0.048489976674318314
77999	0.04835832491517067
78999	0.04831657186150551
79999	0.04823041707277298
80999	0.04812876135110855
81999	0.0481821708381176
82999	0.04804598167538643
83999	0.048199109733104706
84999	0.04821321740746498
85999	0.047921061515808105
86999	0.04800301045179367
87999	0.04787133261561394
88999	0.04772930219769478
89999	0.04774072766304016
90999	0.047802478075027466
91999	0.047812920063734055
92999	0.04766776040196419
93999	0.047562189400196075
94999	0.047599729150533676
95999	0.047680120915174484
96999	0.04760677367448807
97999	0.04748029634356499
98999	0.047423478215932846
99999	0.047354113310575485
100999	0.047357916831970215
101999	0.04743582755327225
102999	0.04732083901762962
103999	0.0472833588719368
104999	0.04726431891322136
105999	0.04730623960494995
106999	0.04717645049095154
107999	0.04727189242839813
108999	0.047130826860666275
109999	0.04717022925615311
110999	0.0471326969563961
111999	0.047243546694517136
112999	0.04719063267111778
113999	0.04702836275100708
114999	0.046980585902929306
115999	0.047013286501169205
116999	0.04691527411341667
117999	0.046954914927482605
118999	0.04692717641592026
119999	0.047035329043865204
120999	0.04694410413503647
121999	0.04683682322502136
122999	0.04687125235795975
123999	0.04672560468316078
124999	0.046848442405462265
125999	0.04681321233510971
126999	0.04665271192789078
127999	0.04676434025168419
128999	0.04667265713214874
129999	0.04654460400342941
130999	0.046534471213817596
131999	0.046748287975788116
132999	0.04658321291208267
133999	0.046721283346414566
134999	0.04655587300658226
135999	0.04657873883843422
136999	0.04644761607050896
137999	0.04643997177481651
138999	0.04652469977736473
139999	0.046401556581258774
140999	0.046472497284412384
141999	0.04643683135509491
142999	0.04637506231665611
143999	0.04644982889294624
144999	0.04648597538471222
145999	0.04633254185318947
146999	0.046477675437927246
147999	0.04629814252257347
148999	0.046224016696214676
149999	0.04642444849014282
150999	0.046218499541282654
151999	0.04628301411867142
152999	0.04622505232691765
153999	0.04629840329289436
154999	0.046165622770786285
155999	0.046162575483322144
156999	0.046156272292137146
157999	0.0461951345205307
158999	0.046128466725349426
159999	0.04589829221367836
160999	0.046060409396886826
161999	0.046082764863967896
162999	0.046032216399908066
163999	0.046116672456264496
164999	0.04625402390956879
165999	0.04596425220370293
166999	0.0461328886449337
167999	0.04589548334479332
168999	0.04597070440649986
169999	0.0460037887096405
170999	0.045966148376464844
171999	0.045914798974990845
172999	0.04605551436543465
173999	0.045989032834768295
174999	0.0458129346370697
175999	0.04584088549017906
176999	0.04579368233680725
177999	0.045785050839185715
178999	0.04580189287662506
179999	0.0456320159137249
180999	0.045893359929323196
181999	0.04586006700992584
182999	0.04557691514492035
183999	0.04568064212799072
184999	0.04560531675815582
185999	0.04574596881866455
186999	0.04560036584734917
187999	0.045680951327085495
188999	0.045579370111227036
189999	0.045609865337610245
190999	0.04559743404388428
191999	0.0456443689763546
192999	0.04556494951248169
193999	0.04575927555561066
194999	0.04559946060180664
195999	0.04574976861476898
196999	0.045675814151763916
197999	0.045523762702941895
198999	0.04560762643814087
199999	0.04549989104270935
200999	0.04549691826105118
201999	0.04536520317196846
202999	0.04564101621508598
203999	0.04544224590063095
204999	0.04552358761429787
205999	0.045492466539144516
206999	0.04554632306098938
207999	0.04550957307219505
208999	0.04524609073996544
209999	0.04538285732269287
210999	0.04542292281985283
211999	0.045305345207452774
212999	0.04537623003125191
213999	0.04544946923851967
214999	0.04529830440878868
215999	0.045465607196092606
216999	0.04513232037425041
217999	0.04537446051836014
218999	0.04527055844664574
219999	0.04537712782621384
220999	0.045334599912166595
221999	0.04511827602982521
222999	0.04540024697780609
223999	0.04515404254198074
224999	0.0451510027050972
225999	0.04538748785853386
226999	0.04511281102895737
227999	0.04506133496761322
228999	0.04515492171049118
229999	0.04520690441131592
230999	0.04514925181865692
231999	0.045317020267248154
232999	0.045008473098278046
233999	0.045140985399484634
234999	0.04507622495293617
235999	0.045184336602687836
236999	0.04518411308526993
237999	0.04511628299951553
238999	0.04509889706969261
239999	0.04520485922694206
240999	0.045050181448459625
241999	0.045138828456401825
242999	0.04489049315452576
243999	0.04503414407372475
244999	0.04516162723302841
245999	0.044986601918935776
246999	0.0448731891810894
247999	0.04508144035935402
248999	0.045099277049303055
249999	0.04501787945628166
250999	0.0450112447142601
251999	0.04481492191553116
252999	0.0449533686041832
253999	0.04491852968931198
254999	0.04495493695139885
255999	0.044939540326595306
256999	0.044922422617673874
257999	0.04503938555717468
258999	0.04498352110385895
259999	0.04494015499949455
260999	0.044908083975315094
261999	0.0448918417096138
262999	0.04481818526983261
263999	0.04499809816479683
264999	0.04481225460767746
265999	0.044732023030519485
266999	0.04494458809494972
267999	0.04481510445475578
268999	0.044782545417547226
269999	0.044695332646369934
270999	0.04476664960384369
271999	0.04459718242287636
272999	0.04484107345342636
273999	0.04488803446292877
274999	0.044790491461753845
275999	0.044894494116306305
276999	0.04484529420733452
277999	0.04469488561153412
278999	0.04485415667295456
279999	0.04486867040395737
280999	0.04465971514582634
281999	0.044657498598098755
282999	0.04472900927066803
283999	0.04468940198421478
284999	0.044594597071409225
285999	0.04466365650296211
286999	0.04465852305293083
287999	0.04478277638554573
288999	0.04459761083126068
289999	0.044696297496557236
290999	0.04459860175848007
291999	0.04464500769972801
292999	0.04462256282567978
293999	0.04464169219136238
294999	0.044461555778980255
295999	0.0447319857776165
296999	0.04462359845638275
297999	0.044757384806871414
298999	0.04462776333093643
299999	0.04461720585823059
300999	0.04465704411268234
301999	0.04456807300448418
302999	0.044533345848321915
303999	0.044542547315359116
304999	0.04457738250494003
305999	0.04450441151857376
306999	0.04452548176050186
307999	0.044507499784231186
308999	0.044500745832920074
309999	0.0446401871740818
310999	0.044530898332595825
311999	0.04453771561384201
312999	0.04458446428179741
313999	0.044500693678855896
314999	0.04458062723278999
315999	0.04454154521226883
316999	0.044576264917850494
317999	0.04445219039916992
318999	0.04440251737833023
319999	0.04439527168869972
320999	0.0446394681930542
321999	0.044508859515190125
322999	0.04439179226756096
323999	0.04432253912091255
324999	0.044532135128974915
325999	0.044382836669683456
326999	0.044427890330553055
327999	0.04449840262532234
328999	0.044233497232198715
329999	0.044417642056941986
330999	0.04447302222251892
331999	0.044528841972351074
332999	0.04439092054963112
333999	0.04439633712172508
334999	0.044254645705223083
335999	0.04445784538984299
336999	0.04440758377313614
337999	0.04453184828162193
338999	0.04450429975986481
339999	0.04441671445965767
340999	0.044281139969825745
341999	0.044377390295267105
342999	0.04422403499484062
343999	0.044412244111299515
344999	0.04430645704269409
345999	0.04432368651032448
346999	0.04410282149910927
347999	0.044230375438928604
348999	0.04425610974431038
349999	0.04415656998753548
350999	0.044440858066082
351999	0.04440847039222717
352999	0.044352252036333084
353999	0.044248390942811966
354999	0.044338710606098175
355999	0.0441962294280529
356999	0.04428907483816147
357999	0.044073257595300674
358999	0.04428115859627724
359999	0.04422728344798088
360999	0.04432125389575958
361999	0.04412314295768738
362999	0.04409927874803543
363999	0.0442599318921566
364999	0.0442214161157608
365999	0.0441070981323719
366999	0.04420573636889458
367999	0.044471681118011475
368999	0.044324249029159546
369999	0.044143784791231155
370999	0.04412059113383293
371999	0.044084854423999786
372999	0.04422289505600929
373999	0.043976809829473495
374999	0.044226378202438354
375999	0.044097479432821274
376999	0.044037092477083206
377999	0.04422269016504288
378999	0.0442868247628212
379999	0.044214457273483276
380999	0.044041696935892105
381999	0.04392831400036812
382999	0.04426529258489609
383999	0.04411197081208229
384999	0.04404113441705704
385999	0.043995101004838943
386999	0.043972838670015335
387999	0.04405044764280319
388999	0.04403999447822571
389999	0.04417893663048744
390999	0.04427872598171234
391999	0.044247061014175415
392999	0.04400234296917915
393999	0.04399683326482773
394999	0.0439334362745285
395999	0.0451229028403759
396999	0.04476900026202202
397999	0.04413563758134842
398999	0.04376542940735817
399999	0.043903809040784836
400999	0.043914925307035446
401999	0.04394672065973282
402999	0.04404789209365845
403999	0.04391986504197121
404999	0.04394432529807091
405999	0.043903086334466934
406999	0.04391756281256676
407999	0.04391278326511383
408999	0.04406043887138367
409999	0.04403260350227356
410999	0.043944984674453735
411999	0.0440114326775074
412999	0.04399197921156883
413999	0.04392175003886223
414999	0.043949831277132034
415999	0.04398542270064354
416999	0.04404237121343613
417999	0.04394426941871643
418999	0.043991997838020325
419999	0.04401405155658722
420999	0.04386598616838455
421999	0.04410140961408615
422999	0.043988507241010666
423999	0.043824173510074615
424999	0.04387318715453148
425999	0.04387374594807625
426999	0.0437793955206871
427999	0.04387985169887543
428999	0.0437617264688015
429999	0.0437312014400959
430999	0.04386431723833084
431999	0.04387981444597244
432999	0.04383843392133713
433999	0.04390193149447441
434999	0.043831631541252136
435999	0.04377969726920128
436999	0.04386230930685997
437999	0.04378235340118408
438999	0.04390335455536842
439999	0.04372192919254303
440999	0.04368986561894417
441999	0.04389052838087082
442999	0.04390795901417732
443999	0.04385612532496452
444999	0.043885570019483566
445999	0.04363831505179405
446999	0.043705444782972336
447999	0.04378511384129524
448999	0.04378089681267738
449999	0.043952398002147675
450999	0.043724000453948975
451999	0.04383937269449234
452999	0.0438205860555172
453999	0.043895576149225235
454999	0.043891437351703644
455999	0.043764278292655945
456999	0.043769363313913345
457999	0.043692443519830704
458999	0.04379129037261009
459999	0.04373932629823685
460999	0.043640799820423126
461999	0.043740399181842804
462999	0.04373803734779358
463999	0.04387825354933739
464999	0.043853312730789185
465999	0.043836984783411026
466999	0.043998539447784424
467999	0.0458119735121727
468999	0.04369845613837242
469999	0.04366055503487587
470999	0.043572161346673965
471999	0.04356285184621811
472999	0.043696146458387375
473999	0.043775998055934906
474999	0.04382307082414627
475999	0.04372553899884224
476999	0.04363138601183891
477999	0.04368935897946358
478999	0.04362589865922928
479999	0.04383455589413643
480999	0.043643515557050705
481999	0.04374400153756142
482999	0.04373963177204132
483999	0.04371974617242813
484999	0.04362066835165024
485999	0.04368087649345398
486999	0.04365371912717819
487999	0.043627526611089706
488999	0.04375876486301422
489999	0.04375998303294182
490999	0.043530020862817764
491999	0.04366545006632805
492999	0.04368777200579643
493999	0.04381420090794563
494999	0.04375847429037094
495999	0.04360460862517357
496999	0.04353775829076767
497999	0.043529316782951355
498999	0.04346960783004761
499999	0.0435662716627121
